backend,run,tenantMode,tenantCount,idleMs,samples,warmRequests,firstSuccess,firstErrors,followingSuccess,followingErrors,firstE2eP50,followingE2eP50,firstDbP50,followingDbP50,newIsolate,reusedIsolate,unknownLifecycle,pairedTrials,pairedE2eDeltaMs,pairedDbDeltaMs
d1-per-tenant,1,distributed,10,30000,1,5,1,0,5,0,158.45640099979937,104.35053699975833,81,43,0,1,0,1,54.10586400004104,38
turso-per-tenant,1,distributed,10,30000,1,5,1,0,5,0,654.5351970000193,131.69319400005043,590,81,0,1,0,1,522.8420029999688,509
tursodb-per-tenant,1,distributed,10,30000,1,5,0,1,0,5,,,,,0,0,1,0,,
d1-per-tenant,1,distributed,10,30000,1,5,1,0,5,0,140.74396499991417,104.88451000023633,80,43,0,1,0,1,35.85945499967784,37
turso-per-tenant,1,distributed,10,30000,1,5,1,0,5,0,319.80212199967355,124.02506899973378,268,71,0,1,0,1,195.77705299993977,197
tursodb-per-tenant,1,distributed,10,30000,1,5,1,0,5,0,345.464304999914,145.85321100009605,263,71,0,1,0,1,199.61109399981797,192
d1-per-tenant,1,distributed,10,30000,1,5,1,0,5,0,149.86487699998543,94.7626740001142,82,43,0,1,0,1,55.102202999871224,39
turso-per-tenant,1,distributed,10,30000,1,5,1,0,5,0,333.2684529996477,126.93466200027615,263,71,0,1,0,1,206.33379099937156,192
tursodb-per-tenant,1,distributed,10,30000,1,5,1,0,5,0,412.9062899998389,293.70733999973163,268,71,0,1,0,1,119.19895000010729,197
d1-per-tenant,1,distributed,10,30000,1,5,1,0,5,0,191.65004200022668,145.79995599994436,127,58,0,1,0,1,45.85008600028232,69
turso-per-tenant,1,distributed,10,30000,1,5,1,0,5,0,390.8555789999664,131.57745800027624,307,70,0,1,0,1,259.27812099969015,237
tursodb-per-tenant,1,distributed,10,30000,1,5,1,0,5,0,383.9766790000722,135.97218400007114,307,72,0,1,0,1,248.00449500000104,235
turso-per-tenant,2,distributed,10,30000,1,5,1,0,5,0,823.12537800055,195.4615839999169,563,72,0,1,0,1,627.6637940006331,491
tursodb-per-tenant,2,distributed,10,30000,1,5,1,0,5,0,3229.09664899949,123.1252899998799,3188,72,0,1,0,1,3105.97135899961,3116
d1-per-tenant,2,distributed,10,30000,1,5,1,0,5,0,137.81864099949598,96.27843500021845,82,42,0,1,0,1,41.54020599927753,40
turso-per-tenant,2,distributed,10,30000,1,5,1,0,5,0,410.19666399993,114.5699050007388,361,70,0,1,0,1,295.6267589991912,291
tursodb-per-tenant,2,distributed,10,30000,1,5,1,0,5,0,528.9207470007241,126.70957100018859,470,71,0,1,0,1,402.2111760005355,399
d1-per-tenant,2,distributed,10,30000,1,5,1,0,5,0,149.4882770003751,95.30348199978471,85,43,0,1,0,1,54.184795000590384,42
turso-per-tenant,2,distributed,10,30000,1,5,1,0,5,0,788.6381660001352,126.76426400057971,518,69,0,1,0,1,661.8739019995555,449
tursodb-per-tenant,2,distributed,10,30000,1,5,1,0,5,0,734.3299020007253,131.36077299993485,322,76,0,1,0,1,602.9691290007904,246
d1-per-tenant,2,distributed,10,30000,1,5,1,0,5,0,147.78341600019485,95.13733400031924,86,45,0,1,0,1,52.646081999875605,41
turso-per-tenant,2,distributed,10,30000,1,5,1,0,5,0,617.7950830003247,129.23700200021267,558,70,0,1,0,1,488.558081000112,488
tursodb-per-tenant,2,distributed,10,30000,1,5,1,0,5,0,429.0883469991386,138.53752699960023,382,73,0,1,0,1,290.55081999953836,309
d1-per-tenant,2,distributed,10,30000,1,5,1,0,5,0,152.02883100043982,117.98706900049001,82,60,0,1,0,1,34.04176199994981,22
tursodb-per-tenant,3,distributed,10,30000,1,5,1,0,5,0,3203.2136250007898,131.8158029988408,3147,72,0,1,0,1,3071.397822001949,3075
d1-per-tenant,3,distributed,10,30000,1,5,1,0,5,0,171.15316599979997,110.34984399937093,89,47,0,1,0,1,60.803322000429034,42
turso-per-tenant,3,distributed,10,30000,1,5,1,0,5,0,1261.8999589998275,129.80561199970543,1173,77,0,1,0,1,1132.094347000122,1096
tursodb-per-tenant,3,distributed,10,30000,1,5,1,0,5,0,386.1648660004139,153.6032269988209,321,71,0,1,0,1,232.561639001593,250
d1-per-tenant,3,distributed,10,30000,1,5,1,0,5,0,154.64292900078,106.1313850004226,90,47,0,1,0,1,48.51154400035739,43
turso-per-tenant,3,distributed,10,30000,1,5,1,0,5,0,1014.6219250001013,176.13324400037527,467,69,0,1,0,1,838.4886809997261,398
tursodb-per-tenant,3,distributed,10,30000,1,5,1,0,5,0,933.2989559993148,125.1100849993527,270,72,0,1,0,1,808.1888709999621,198
d1-per-tenant,3,distributed,10,30000,1,5,1,0,5,0,163.76164999976754,105.72268999926746,86,44,0,1,0,1,58.03896000050008,42
turso-per-tenant,3,distributed,10,30000,1,5,1,0,5,0,345.8764319997281,135.90334099903703,269,72,0,1,0,1,209.97309100069106,197
tursodb-per-tenant,3,distributed,10,30000,1,5,1,0,5,0,449.2203829996288,127.67251999862492,382,71,0,1,0,1,321.54786300100386,311
d1-per-tenant,3,distributed,10,30000,1,5,1,0,5,0,147.26172599941492,123.87118100002408,84,59,0,1,0,1,23.39054499939084,25
turso-per-tenant,3,distributed,10,30000,1,5,1,0,5,0,465.4039350003004,127.06629399955273,414,72,0,1,0,1,338.3376410007477,342
d1-per-tenant,4,distributed,10,30000,1,5,1,0,5,0,147.04603699967265,109.51029399968684,81,46,0,1,0,1,37.535742999985814,35
turso-per-tenant,4,distributed,10,30000,1,5,1,0,5,0,1071.60137199983,119.89609399996698,994,70,0,1,0,1,951.705277999863,924
tursodb-per-tenant,4,distributed,10,30000,1,5,1,0,5,0,3284.2888139989227,211.73887799866498,3120,75,0,1,0,1,3072.5499360002577,3045
d1-per-tenant,4,distributed,10,30000,1,5,1,0,5,0,164.96171799860895,111.28240399993956,89,46,0,1,0,1,53.679313998669386,43
turso-per-tenant,4,distributed,10,30000,1,5,1,0,5,0,562.9613149985671,131.97477899864316,482,70,0,1,0,1,430.98653599992394,412
tursodb-per-tenant,4,distributed,10,30000,1,5,1,0,5,0,430.50014399923384,126.87194699980319,374,71,0,1,0,1,303.62819699943066,303
d1-per-tenant,4,distributed,10,30000,1,5,1,0,5,0,165.15171799995005,99.8948630001396,86,45,0,1,0,1,65.25685499981046,41
turso-per-tenant,4,distributed,10,30000,1,5,1,0,5,0,506.8734579999,127.07662899978459,443,71,0,1,0,1,379.7968290001154,372
tursodb-per-tenant,4,distributed,10,30000,1,5,1,0,5,0,475.65046600066125,131.12288700044155,281,75,0,1,0,1,344.5275790002197,206
d1-per-tenant,4,distributed,10,30000,1,5,1,0,5,0,143.6521419994533,116.37020399980247,86,60,0,1,0,1,27.281937999650836,26
turso-per-tenant,4,distributed,10,30000,1,5,1,0,5,0,426.5980420000851,134.99578699842095,367,71,0,1,0,1,291.60225500166416,296
tursodb-per-tenant,4,distributed,10,30000,1,5,1,0,5,0,606.2831870000809,136.77837300114334,368,79,0,1,0,1,469.5048139989376,289
turso-per-tenant,5,distributed,10,30000,1,5,1,0,5,0,590.8632810004056,135.91698000207543,528,76,0,1,0,1,454.9463009983301,452
tursodb-per-tenant,5,distributed,10,30000,1,5,1,0,5,0,3224.7681389972568,148.9062749966979,3155,78,0,1,0,1,3075.861864000559,3077
d1-per-tenant,5,distributed,10,30000,1,5,1,0,5,0,190.44813700020313,135.05721700191498,110,55,0,1,0,1,55.390919998288155,55
turso-per-tenant,5,distributed,10,30000,1,5,1,0,5,0,509.3327309973538,144.8040280006826,452,82,0,1,0,1,364.5287029966712,370
tursodb-per-tenant,5,distributed,10,30000,1,5,1,0,5,0,339.7804189994931,143.91060899943113,279,75,0,1,0,1,195.869810000062,204
d1-per-tenant,5,distributed,10,30000,1,5,1,0,5,0,176.2002460025251,114.63247699663043,110,49,0,1,0,1,61.56776900589466,61
turso-per-tenant,5,distributed,10,30000,1,5,1,0,5,0,677.2234389968216,124.91755499690771,600,73,0,1,0,1,552.3058839999139,527
tursodb-per-tenant,5,distributed,10,30000,1,5,1,0,5,0,342.4688949994743,139.79794500023127,271,74,0,1,0,1,202.67094999924302,197
d1-per-tenant,5,distributed,10,30000,1,5,1,0,5,0,149.33960999920964,105.79721200093627,89,48,0,1,0,1,43.54239799827337,41
turso-per-tenant,5,distributed,10,30000,1,5,1,0,5,0,473.6566269993782,135.42974100261927,397,75,0,1,0,1,338.22688599675894,322
tursodb-per-tenant,5,distributed,10,30000,1,5,1,0,5,0,692.7176660001278,144.78687500208616,521,74,0,1,0,1,547.9307909980416,447
d1-per-tenant,5,distributed,10,30000,1,5,1,0,5,0,156.45138699933887,127.98232499882579,96,62,0,1,0,1,28.469062000513077,34
